{
  "hash": "58b64914",
  "configHash": "88dab424",
  "lockfileHash": "379c0389",
  "browserHash": "10281eeb",
  "optimized": {
    "@angular/core": {
      "src": "../../../../../../node_modules/@angular/core/fesm2022/core.mjs",
      "file": "@angular_core.js",
      "fileHash": "c0f1f584",
      "needsInterop": false
    },
    "@angular/platform-browser": {
      "src": "../../../../../../node_modules/@angular/platform-browser/fesm2022/platform-browser.mjs",
      "file": "@angular_platform-browser.js",
      "fileHash": "15d820d0",
      "needsInterop": false
    },
    "@angular/router": {
      "src": "../../../../../../node_modules/@angular/router/fesm2022/router.mjs",
      "file": "@angular_router.js",
      "fileHash": "bae73f5a",
      "needsInterop": false
    }
  },
  "chunks": {
    "chunk-PWVNXA7C": {
      "file": "chunk-PWVNXA7C.js"
    },
    "chunk-MLSFSH6F": {
      "file": "chunk-MLSFSH6F.js"
    }
  }
}